{
    "TRAIN": {
        "resolutions": {
            "360x363": 294,
            "366x369": 6
        },
        "brightness_distribution": [
            7.647161205522964e-08,
            0.014504549092276867,
            0.023604008172878048,
            0.01775303768184567,
            0.017149472738431093,
            0.03234504480777637,
            0.18544029448300142,
            0.18502347321622573,
            0.1709136960759153,
            0.3532663472600374
        ],
        "edge_density": 0.027148351943785284
    },
    "TEST": {
        "resolutions": {
            "368x368": 169,
            "368x370": 131
        },
        "brightness_distribution": [
            0.008335212668737471,
            0.012642443146502511,
            0.029428010518515842,
            0.03787622886926348,
            0.03546018605027609,
            0.08612675750601322,
            0.18113082099585656,
            0.13724186476957254,
            0.17946741271698466,
            0.29229106275827765
        ],
        "edge_density": 0.0717177296477716
    }
}